latitude,longitude,bright_ti4,scan,track,acq_date,acq_time,satellite,instrument,confidence,version,bright_ti5,frp,daynight,type
20.85226,-156.66003,349.73,0.43,0.38,2023-08-09,1215,N20,VIIRS,n,2,299.11,15.44,N,0
20.85503,-156.65543,344.7,0.43,0.38,2023-08-09,1215,N20,VIIRS,n,2,299.07,74.91,N,0
20.85571,-156.65941,339.11,0.43,0.38,2023-08-09,1215,N20,VIIRS,n,2,297.44,15.44,N,0
20.8564,-156.66341,322.54,0.43,0.38,2023-08-09,1215,N20,VIIRS,n,2,296.83,15.44,N,0
20.85709,-156.66742,318.23,0.42,0.38,2023-08-09,1215,N20,VIIRS,n,2,295.31,4.43,N,3
20.85916,-156.65878,329.62,0.43,0.38,2023-08-09,1215,N20,VIIRS,n,2,296.35,7.72,N,0
20.85984,-156.66277,341.8,0.43,0.38,2023-08-09,1215,N20,VIIRS,n,2,301.69,7.72,N,0
20.86053,-156.66679,345.29,0.42,0.38,2023-08-09,1215,N20,VIIRS,n,2,308.84,30.11,N,0
20.86122,-156.67078,329.78,0.42,0.38,2023-08-09,1215,N20,VIIRS,n,2,309.68,30.11,N,0
20.86193,-156.65421,306.79,0.43,0.38,2023-08-09,1215,N20,VIIRS,n,2,293.92,3.72,N,0
20.86261,-156.65817,333.91,0.43,0.38,2023-08-09,1215,N20,VIIRS,n,2,296.15,7.72,N,0
20.86398,-156.66615,308.2,0.42,0.38,2023-08-09,1215,N20,VIIRS,n,2,295.65,30.11,N,0
20.86466,-156.67012,342.73,0.42,0.38,2023-08-09,1215,N20,VIIRS,n,2,318.01,30.11,N,0
20.86535,-156.67415,346.68,0.42,0.38,2023-08-09,1215,N20,VIIRS,n,2,307.2,39.02,N,0
20.8681,-156.66946,335.81,0.42,0.38,2023-08-09,1215,N20,VIIRS,n,2,302.56,7.3,N,0
20.86879,-156.67349,354.06,0.42,0.38,2023-08-09,1215,N20,VIIRS,n,2,312.42,13.07,N,0
20.86948,-156.67751,337.65,0.42,0.38,2023-08-09,1215,N20,VIIRS,n,2,297.92,13.07,N,0
20.87154,-156.66882,323.88,0.42,0.38,2023-08-09,1215,N20,VIIRS,n,2,297.32,7.3,N,0
20.87223,-156.67284,321.59,0.42,0.38,2023-08-09,1215,N20,VIIRS,n,2,299.02,13.07,N,0
20.87292,-156.67685,352.24,0.42,0.38,2023-08-09,1215,N20,VIIRS,n,2,309.71,13.07,N,0
20.87361,-156.68086,311.26,0.42,0.38,2023-08-09,1215,N20,VIIRS,n,2,295.71,4.01,N,3
20.87636,-156.67619,346.79,0.42,0.38,2023-08-09,1215,N20,VIIRS,n,2,302.79,6.79,N,0
20.87705,-156.68021,342.55,0.42,0.38,2023-08-09,1215,N20,VIIRS,n,2,301.73,11.19,N,0
20.87981,-156.67558,317.96,0.42,0.38,2023-08-09,1215,N20,VIIRS,n,2,297.97,6.79,N,0
20.88049,-156.67955,332.7,0.42,0.38,2023-08-09,1215,N20,VIIRS,n,2,300.63,11.19,N,0
20.88117,-156.68356,350.92,0.42,0.38,2023-08-09,1215,N20,VIIRS,n,2,308.09,11.19,N,0
20.88257,-156.67097,322.35,0.42,0.38,2023-08-09,1215,N20,VIIRS,n,2,297.93,5.28,N,0
20.88325,-156.67494,342.8,0.42,0.38,2023-08-09,1215,N20,VIIRS,n,2,298.83,5.28,N,0
20.88393,-156.67892,339.57,0.42,0.38,2023-08-09,1215,N20,VIIRS,n,2,313.74,34.13,N,0
20.88462,-156.68292,350.49,0.42,0.38,2023-08-09,1215,N20,VIIRS,n,2,302.1,34.13,N,0
20.8853,-156.68692,338.21,0.42,0.38,2023-08-09,1215,N20,VIIRS,n,2,297.29,18.12,N,0
20.88602,-156.67036,325.59,0.42,0.38,2023-08-09,1215,N20,VIIRS,n,2,296.47,5.28,N,0
20.88669,-156.6743,337.11,0.42,0.38,2023-08-09,1215,N20,VIIRS,n,2,298.53,5.28,N,0
20.88737,-156.67828,320.33,0.42,0.38,2023-08-09,1215,N20,VIIRS,n,2,295.52,34.13,N,0
20.88806,-156.68228,367,0.42,0.38,2023-08-09,1215,N20,VIIRS,h,2,327.78,34.13,N,0
20.88873,-156.68626,336.99,0.42,0.38,2023-08-09,1215,N20,VIIRS,n,2,303.12,18.12,N,0
20.89082,-156.67766,313.27,0.42,0.38,2023-08-09,1215,N20,VIIRS,n,2,295.42,38.21,N,0
20.8915,-156.68163,341.27,0.42,0.38,2023-08-09,1215,N20,VIIRS,n,2,321.37,38.21,N,0
20.89218,-156.68564,343.64,0.42,0.38,2023-08-09,1215,N20,VIIRS,n,2,309.98,40.89,N,0
20.89426,-156.67702,317.08,0.42,0.38,2023-08-09,1215,N20,VIIRS,n,2,294.91,38.21,N,0
20.89494,-156.68098,367,0.42,0.38,2023-08-09,1215,N20,VIIRS,h,2,338.59,38.21,N,0
20.89561,-156.68494,333.11,0.42,0.38,2023-08-09,1215,N20,VIIRS,n,2,308.23,40.89,N,0
20.89771,-156.67639,349.23,0.42,0.38,2023-08-09,1215,N20,VIIRS,n,2,305.06,73.66,N,0
20.89905,-156.6843,341.13,0.42,0.38,2023-08-09,1215,N20,VIIRS,n,2,320.75,45.3,N,0
20.90115,-156.6758,340.7,0.42,0.38,2023-08-09,1215,N20,VIIRS,n,2,304.84,73.66,N,0
20.90182,-156.67972,349.64,0.42,0.38,2023-08-09,1215,N20,VIIRS,n,2,299.05,73.66,N,0
20.90249,-156.68365,333.66,0.42,0.38,2023-08-09,1215,N20,VIIRS,n,2,296.58,45.3,N,0
20.90527,-156.67912,311.14,0.42,0.38,2023-08-09,1215,N20,VIIRS,n,2,294.93,1.11,N,0
20.9087,-156.67844,310.75,0.42,0.38,2023-08-09,1215,N20,VIIRS,n,2,294.46,1.11,N,0
20.88358,-156.67953,343.65,0.45,0.39,2023-08-09,2326,N20,VIIRS,l,2,314.51,10.06,D,0
20.88368,-156.68054,343.12,0.45,0.39,2023-08-09,2326,N20,VIIRS,l,2,314.94,18.69,D,0
20.88432,-156.67523,345.86,0.45,0.39,2023-08-09,2326,N20,VIIRS,l,2,315.23,10.06,D,0
20.89768,-156.68222,348.24,0.45,0.39,2023-08-09,2326,N20,VIIRS,l,2,315.98,17.6,D,0
20.84625,-156.65231,304.97,0.42,0.38,2023-08-10,1156,N20,VIIRS,n,2,294.16,1.57,N,0
20.8819,-156.67957,306.38,0.42,0.38,2023-08-10,1156,N20,VIIRS,n,2,295.85,1.33,N,0
20.88476,-156.6749,305.68,0.42,0.38,2023-08-10,1156,N20,VIIRS,n,2,295.07,1.33,N,0